,name,city
0,Janice Baker,Port Stevestad
1,William Olson,Anthonyview
2,Donald Wright,Pattersonfort
3,Benjamin Kelley,South Oliviaside
4,James Hughes,Johnsonshire
5,Kayla James,Whitechester
6,Mary Monroe,West Veronicaport
7,Christopher Phillips,South Teresa
8,Joseph Vance,North Roberttown
9,John Andrade,Stephanieborough
10,Jacqueline Hodges,Port Stevenbury
11,Tammy Lopez,Dixonland
12,Gary Maldonado,Martinezside
13,Jacqueline Becker,Port Mirandaborough
14,Diane Simmons,Jamesstad
15,Shane Huynh,East Brian
16,Jeffrey Johnson,Hallstad
17,Amanda Lewis,New Madisonfurt
18,Latasha Nelson,North Sarahbury
19,Melissa Phillips,Payneview
20,Angelica King,Lake Jamieshire
21,Christian Cook,East Natasha
22,Nancy Johnson,Sarafurt
23,William Holmes,Harrellbury
24,Sarah Castaneda,Beasleybury
25,Brandon Li,Lake Gregory
26,David Martin,Port Shannonborough
27,Michael Cole,Mooretown
28,Brandon Harper,Port Erin
29,Michael Ellis,Nancyhaven
30,Jennifer Freeman,Spencermouth
31,George Harris,Chambersville
32,Sarah Barnett,Lake Brandonberg
33,Tanya King,Amyshire
34,Corey Morgan,Craigland
35,Jessica Holmes,Hawkinsland
36,Lisa Owen,Jessicashire
37,Yolanda Johnson,North Debra
38,Sandra Hawkins,Bryantborough
39,Arthur Price,Luceroside
40,Mr. Timothy Garcia Jr.,Harrisfurt
41,Natalie Harris,Johnsonfort
42,Samantha Weiss,Garciachester
43,Shane Mcbride,Nicholasborough
44,Jesse Lopez,Rasmussenstad
45,Vanessa Scott,South Scottside
46,Daniel Shelton,Henryside
47,Ethan Gould,Brianburgh
48,Stephanie Mccall,Port Lindaborough
49,Christopher Richards,Lake Autumnfort
50,Manuel White,South Matthew
51,Brian Lloyd,Danielshire
52,Susan Jones,Port Maureen
53,Jodi Reed,Zacharyville
54,Bradley Black,Lake Barry
55,Jesus Mcclure,Sherribury
56,Caitlin Beck,Garyview
57,Richard Soto,Annahaven
58,Karen Christensen,North Kristenhaven
59,Larry King,North Nicoleton
60,Robert Thomas,Flynnton
61,Shawn Pitts,Elizabethberg
62,Jeffrey Hogan,Savannahland
63,James Branch,Maureenmouth
64,Christopher Page,Veronicatown
65,Michael Burnett,Lucasfurt
66,Joshua Harris,Longfort
67,Sarah Sampson,Angelachester
68,Jesse Perez,South Jessicachester
69,Gary Gutierrez,Christopherton
70,Jacob Carey,Yvetteton
71,Tyler Woods,East Katrinatown
72,Morgan Sweeney,Lindseyland
73,Mary Sims,North Tammy
74,Steven Ramos,South Summer
75,Edward Lester,Lake Robertfurt
76,Steven Rodgers,Freybury
77,Nicole Harris,New Richardton
78,Christopher Pitts,North Brad
79,Kari Robinson,New Don
80,Jenny Harper,Lake Raymondville
81,Annette Martinez,Arnoldside
82,Kevin Duke,South Nichole
83,Joshua Wong,Nicolemouth
84,Catherine Russell,New Alexandraburgh
85,John Fields,West Jasmineview
86,Jason Wilson,Steventon
87,Rebecca Jimenez,Kruegerville
88,Marvin Thomas,Davisborough
89,Mark Allen,Jodiview
90,Michele Castaneda,South Michelleborough
91,Ian Espinoza,Belindashire
92,Kelsey Morgan,Rogersview
93,Hannah Murphy,Alanmouth
94,Traci Herrera,New Phillip
95,Joshua Zamora,Lake Phillip
96,Paul Wright,Riveramouth
97,Michael Boyd,Jonesfort
98,Suzanne Jackson MD,West Loriton
99,Christine White,South Emilybury
100,Stephanie Clements,North Catherineville
101,Laura Hunt,Gentrychester
102,Timothy Lynch,South Elizabethborough
103,Pamela Oconnor,Sarahland
104,Scott Newman,Michaelbury
105,Bradley Maxwell,Tracybury
106,Jessica Carter,Tranberg
107,Natalie Myers,Knightchester
108,David Jones,West Barbara
109,Jade Gaines,North David
110,Suzanne Delgado,New Linda
111,Brittany Smith,Heatherport
112,Jaime Adkins,South Sarahland
113,Jennifer Garcia,Deanborough
114,Suzanne Stone,Port Jacobmouth
115,Michelle Kim,South Matthewmouth
116,Brenda Turner,Port Patrickborough
117,Richard Meyer,West Michael
118,Andrew Wright,Anthonyburgh
119,Kevin Brown,Markmouth
120,Sydney Gomez,Bonillabury
121,Catherine Hardy,Mayfurt
122,Vanessa Terry,Vangtown
123,John Soto,South Ericaburgh
124,Natalie Neal,Mortonborough
125,Vincent Perez,Hayesmouth
126,Denise Howell,East Michaelchester
127,Christian Robinson,Rebeccashire
128,Cody Rivera,Campbellmouth
129,Henry Freeman,Lake Madisonberg
130,James Phelps,Jenkinschester
131,Matthew Bates,Annmouth
132,Marcus Mills,Mariaville
133,Sheri Rowe,Port Craigberg
134,John Frank,Lopezside
135,Pamela Wells,Christopherview
136,Timothy Cruz,Jennifermouth
137,Anthony Smith,Maxwellfurt
138,David Carlson,Julieport
139,Patrick Sanchez,Jessicachester
140,Julia Wood,Jessicaland
141,Susan Fowler,Lake Susanville
142,Mr. Sean Scott,West Brendaburgh
143,Todd Salinas,Howellmouth
144,Christopher Mueller,Katherinemouth
145,Mrs. Kimberly Anthony MD,West Paulstad
146,Susan Garcia DVM,West Kenneth
147,Patricia Castro,East Lori
148,Allison Obrien,Kevinbury
149,Dylan Walker,Richardport
150,Teresa Hodges,Kellerport
151,Glenn Smith,Stephanieton
152,Marvin Perry,East Johnny
153,Diane Jordan,North Robertchester
154,Morgan Taylor,Bryanland
155,Katherine Walsh DDS,Lake Ian
156,Tyler Garcia,East Hannah
157,Troy Robinson,East Ruben
158,Shannon Anderson,New Cindy
159,Jake Nunez,Ashleyburgh
160,Joshua Rice,Mcdonaldbury
161,Belinda Davis,Davidchester
162,Tyler Waters,Brandonberg
163,Jennifer Johnson,Sharpbury
164,Steven Taylor,Howellmouth
165,Emily Martinez,South Christian
166,Daniel Douglas,Lisamouth
167,Kimberly Gallagher,Choiville
168,Danielle Mccall,East Joshua
169,David Wheeler,Lake Randall
170,Keith Flores,South Julie
171,Marcus Bean,Port Maryfurt
172,Patrick Green,Dianaville
173,Rachel Jones,Michaelburgh
174,Angel Estes,Watsontown
175,Angela Patrick,Jefffurt
176,Theresa Porter,Brettland
177,Tracy Cole,Danielstad
178,Alexis Hernandez,South Dakotatown
179,Alison Bruce,Lake Erin
180,Robert Greene MD,Hunterfurt
181,Damon Thornton,New Kennethmouth
182,Jeffrey Oliver,Craigberg
183,Manuel Lyons,North Toddburgh
184,Walter Rodriguez,South Douglas
185,Andrew Baldwin,Port Katherinetown
186,Edward Gonzales,Lake Melissa
187,James Sanchez,South Daisy
188,Michael Martinez,East Jamesport
189,Tara Dunn,South Amanda
190,Nicole Griffin,New Gregory
191,Michael Taylor,Theresamouth
192,Amy Mclean,Newtonport
193,Aaron Jacobs,East Baileyhaven
194,Mary Hernandez,Port Sarah
195,Kathleen Kerr,Carrieberg
196,Robert Wallace,South Brooke
197,Tyler Jenkins,Banksfurt
198,Joshua Berger,Port Joshua
199,David Smith,Melissatown
200,Larry Johnston,North Jenna
201,Francisco Jackson,Wardbury
202,Francisco Lloyd,Williamschester
203,Ashley Snyder,Rogerport
204,Aaron Clark,New Tara
205,Alicia Garrett,New Jonathan
206,Mike Soto,Onealfort
207,Diane Cooper,Jamesfurt
208,Dawn Smith,North Margaretborough
209,Madison Johnson,Victoriaborough
210,Susan Dawson,Alexismouth
211,Ashley Monroe,Santostown
212,Henry Gillespie,Anthonyview
213,Dawn Wong,New Angelahaven
214,Victoria Chan,Colemanville
215,Nicholas Martinez,Gracestad
216,Randy Shaw,Walshmouth
217,Reginald Stone,Garyhaven
218,Gary Stanley,East Nicholasville
219,Karen Richard,Rogerland
220,Diana Garcia,Silvamouth
221,Chelsea Lynch,North Ryan
222,Michelle Hall,North Josephburgh
223,Terry Brown,West Kari
224,Amber Underwood MD,Cookmouth
225,Gail Lam,Port Josephfort
226,Joyce Gomez,South Dave
227,James Johnson,New Bonnieville
228,Leslie Hardin,West Jordanmouth
229,Christopher Smith,New Charlesberg
230,Matthew Gonzalez,Mckinneyfort
231,Nicole Mccoy,Port Stephanieberg
232,April Phillips MD,Marioborough
233,Anna Miller,New Judy
234,Ashley Cox,Murraychester
235,David Barrett,East Kevin
236,Patrick Rodriguez,Gordonfort
237,Morgan Frank,Meganbury
238,Thomas Williams,Priceville
239,Edward Alvarez,Lake Margaret
240,Lori Peters,Lake Melissa
241,Megan Lara,East Amanda
242,Andrew Bartlett,Jennyton
243,Thomas Marquez,South Andrea
244,Steven Jones,Dianeberg
245,Randy Jimenez,Rebeccachester
246,Jordan Walker,Gregorychester
247,Darren Short,Snowfort
248,Michael Montoya,East Amy
249,Meagan Webster,Pollardburgh
250,Robert Lawrence MD,West Lisa
251,Holly Jones,Garymouth
252,Todd Harris,Katherineside
253,Stephen Taylor,South Steve
254,Mercedes Campbell,New Audreyton
255,Krista Murphy,Danielleborough
256,Taylor Shaffer,Hansenberg
257,Henry Hill,Bensonside
258,Brett Reilly,Lake Sonya
259,Debra Ross,Michaelhaven
260,Frank Glover,Mcfarlandmouth
261,Julie Rogers,West Patrickshire
262,Rita Keller,South Jonathonland
263,Megan Taylor,New Dylanborough
264,Christopher Mitchell,New Erica
265,Shane Carpenter,Lake Lisa
266,Steve Cook,New Kenneth
267,Donald Wood,Whitestad
268,Carol Rodriguez,Lake Briannaside
269,Thomas Sanchez,North Carlos
270,Sheila Phillips,Scottmouth
271,David Martinez,Williamschester
272,Jason Hudson,Maryside
273,Valerie Johnson,East David
274,Kayla Scott,Amyview
275,David Dixon,New Curtis
276,Molly Ford,Tamarashire
277,Amber Grant,East Robinton
278,Frederick Jones,North Michael
279,Molly Todd,Laurenshire
280,Michael Williams,West Jennifer
281,Jacob Martin,Lake Belinda
282,Jonathan Shaw,North Melissafort
283,Arthur Nunez,New Bruce
284,Norman Mclaughlin,Taylorbury
285,Lindsey Melton,East Robertland
286,Kathleen Gomez,Alanmouth
287,Amanda Rush,Matthewbury
288,Brenda Hughes,Jonesside
289,Charlotte Summers,South Ambershire
290,Jamie Jones,North David
291,Donna Smith,South Luistown
292,Frederick Contreras,Roberttown
293,John Tate,North Morgan
294,Danny Rivera,East Rebecca
295,Travis Turner,Kristishire
296,Michael Robertson,East Josephborough
297,Laura Wilson,Beckerton
298,Bobby Haley,West Jason
299,Steven Wallace,Port Ambertown
300,Stephanie Taylor,Elizabethview
301,Maria Bender,New Josehaven
302,Jose Choi,West Erinburgh
303,Ricardo Velasquez DVM,New Tanya
304,Mario Booker,South Joshuahaven
305,Joanne Weiss,West Rita
306,Ann Hernandez,Carpenterburgh
307,Donna Anderson,Lake Danielle
308,Connor Rivera,Port Gregory
309,Becky Ford,West Brendafort
310,Kimberly Clark,Hugheshaven
311,Mrs. Cynthia Taylor,New Susan
312,Laura Cunningham,Laurenchester
313,Ethan Brown,Harveyport
314,Brian Jones,North Joshuabury
315,Aaron Berg,Port Melanie
316,Travis Phillips,Shermanville
317,Dillon Hall,Bakerstad
318,Brittany Flores,Williamsshire
319,Morgan Warner,Port Johnberg
320,Larry Shields,Christinaview
321,Robert Wolf,New Charlotte
322,Ruth Zamora,Port Sheilaton
323,Julie Wells,Brownstad
324,Daniel Jones,Wrightberg
325,Jennifer Nash,West Keith
326,Yolanda Johnson,Scottland
327,Debbie Moore,Hudsonland
328,Oscar Whitaker,Stephenborough
329,Paul Nelson,Courtneyshire
330,Keith Carrillo,Mcclainview
331,Natalie Hunt,West Katieton
332,Debra Turner,Barrland
333,Paul Smith,Allisonfort
334,Darrell Long,Scottport
335,Robert Tate,Ortegaborough
336,Richard Rogers,Snyderview
337,Charles Novak,Lake Jennifer
338,Karen Carter,Torrestown
339,Brandon Nichols,Lake Lauriemouth
340,Kathryn Garcia,Vasquezberg
341,Christina Kim,Fergusonchester
342,David Chavez,West Jonathanside
343,Victoria Smith,South Adamburgh
344,Jacqueline Moore,New Terryfurt
345,Isaac George,Millerville
346,Nicole Barr,Sarahville
347,Jennifer Garcia,West Johnathanport
348,Jessica Benson,Andrewsmouth
349,Courtney Robbins,North Kimberly
350,Jerry Hood,Morganland
351,Donna Johnston,Lloydberg
352,Jonathon Miller,Amandafurt
353,Laura Kaufman,Gwendolynfort
354,Alex Price,New Teresaport
355,Kyle Browning,Port Jeffreyhaven
356,Danielle Sawyer,Davidbury
357,Ashley Peterson,Smithchester
358,David Rodriguez,Stephenschester
359,Brian Nguyen,Cardenasbury
360,Mason Peterson,South Steveton
361,Jeffrey Brewer,Port Karenhaven
362,Mark Benson,Johnsonhaven
363,Jessica Charles,Richmondtown
364,Michael Williams,Paulamouth
365,Jeremy Miller,West David
366,Michelle Phillips,New Christinamouth
367,Rebecca Espinoza MD,New Emilyburgh
368,Christina Ross,West Shaneton
369,Maureen Bryant,Kevinberg
370,Joy Adkins,Angelaburgh
371,Stacey Sawyer,North Johnberg
372,Sarah Huff,North Michelle
373,James Anderson,Perezview
374,Tyler Lyons,East Jessica
375,Ann Long,Chadbury
376,Benjamin Moore,Kimberlyton
377,Andrea Nelson,Port Laurenport
378,Chad Owen,Jonesside
379,Erica Benson,Brandtchester
380,Alicia Collier,Lake Jessechester
381,Stephen Stewart,Saraburgh
382,Joshua Fisher,Adamschester
383,Janet Little,Stacybury
384,Gabriel Foster,New Jorgechester
385,Miss Kathryn Walton,New Lawrenceview
386,April Wright,Port Melissa
387,Isabel Walton,Mackfurt
388,Jeremy Clayton,West Cassandraport
389,Luis Thornton,Shawnamouth
390,Jerry Burgess,South Joyce
391,Kathleen Cox,Patrickfort
392,Justin Francis,East Sonya
393,Brianna Stuart,North Brandonview
394,Donald Perez,East Anthony
395,Douglas Murphy,Bowerschester
396,David Johnson,Davidport
397,Michaela Hartman,West Monica
398,Dr. David Gibson,Lake Julia
399,Thomas Greene,Millerstad
400,Melissa Young,New Marvin
401,Olivia Patel,Sophiaville
402,Brooke Thompson,Wongchester
403,Brandi Bell,Shawbury
404,Phillip Shaw,New Misty
405,Michael Roberts,Port Dillon
406,Kendra Daniel,North Michaelmouth
407,Walter Patterson,Lewisfort
408,Kenneth Vasquez,Michelleburgh
409,Thomas Wright,Emilyton
410,Andrew Butler,Youngbury
411,Donald Brown,North Lori
412,Robert Martin,New Victoria
413,Taylor Vang,West Connorbury
414,Shane Kennedy,New Peggyfort
415,Nancy Moyer,South Annemouth
416,Jessica Herrera,Julieville
417,Amanda Wolf,Port Jamesbury
418,Richard Robinson,Joannafurt
419,Deborah Stone,New Bryan
420,Jennifer Delgado,Timothybury
421,Rebecca Wilson,Lake Lisa
422,Amanda Brown,Lake Ryanberg
423,Pedro Roman,Jameshaven
424,Gary Harris,Masseyville
425,Rachel Mooney PhD,Patriciaview
426,Joshua Barnett,New Danielstad
427,Aaron Lewis,Hancockfort
428,Joshua Hernandez,Meghanton
429,Jennifer Mack,Nataliemouth
430,Jay Howard,Port Katherine
431,Courtney Schwartz,Madisonbury
432,Kelly Morse,Pughton
433,Kathleen Davis,Ethanfurt
434,Caleb Morales,Jacquelinehaven
435,Misty Kramer,Haletown
436,Heather Davis,Millerborough
437,Kim Fisher,Foleyport
438,David Payne,Hardyland
439,Frank Weeks,Peterchester
440,Kathleen Brown,Lake Brian
441,Becky Glass,Clarkebury
442,Jennifer Carroll,Marquezmouth
443,Stephanie Patton,East Drew
444,John Crawford,South Jennifer
445,Wendy Jordan,South Shane
446,Ian Miller,East Zacharystad
447,Alex Rhodes,Lake Rhonda
448,Kyle Booker,Yatesfort
449,Judy Barnett,North Thomas
450,Thomas Wilkins,New Danielle
451,Greg Walters,Rebekahville
452,James Weber,Nicolebury
453,Courtney Cruz,Stewartburgh
454,Allison White,Lake Carla
455,Richard Ross,South Stevenbury
456,Evelyn Garcia,Brownfort
457,Matthew Perez,New Tonya
458,Mallory Wilson,Shawnburgh
459,Christopher Hubbard,East Robert
460,Richard Shaffer,South Bradleyland
461,Frederick Morris,Dorothyland
462,Chad Morrison,Kennethburgh
463,Cynthia Smith,South Georgetown
464,Peter Bell,Lake Robertfurt
465,Joshua Campbell,South Stacy
466,Amanda Velazquez,Port Joanneborough
467,Mr. Tyler Cobb,East Antonioberg
468,Dr. Monique Smith MD,Lake Thomas
469,Pamela Fisher,Hensleyhaven
470,Lauren Calderon,Boyerchester
471,John Montoya,West Michael
472,Sharon Martinez,Lindseyland
473,Jessica Rose,Phillipmouth
474,Jason Tucker,West Davidview
475,Brett Mccarthy,Wilsonside
476,Christopher Luna,Javierton
477,Brian Gibson,Monicaside
478,Michael Allen,Lake Joseph
479,Veronica Bennett,Parkerburgh
480,Abigail Meadows,New Brooke
481,Samantha Gardner,Lake Joseph
482,Douglas Bishop,South Philip
483,Tony Mason,Jacobsmouth
484,Andrew Adams,West Loriton
485,Michelle Decker,Steeleborough
486,Colleen Brown,Port Jack
487,Andrea Morris,North Manuelborough
488,Zachary Berry,Camposborough
489,David Sullivan,Mccarthyshire
490,Belinda Smith,North Barbarastad
491,Lindsay Jackson,Diazland
492,Sandra Rodriguez,Maryshire
493,Deborah Harris,Lake Sarah
494,Amy Hensley,Robinsonhaven
495,Haley Hall,North Julia
496,Joseph Jackson,Christinaton
497,Michele Butler,Brianton
498,Justin Nelson,East Michael
499,Heidi Taylor,Port Lawrence
500,Mrs. Elizabeth Norman MD,East Veronica
501,Catherine Miller,Dudleybury
502,Mary Foster,New Neil
503,Edward Cameron,New Tracy
504,Alexander Lambert,West Donna
505,Shelby Banks,Victorborough
506,Robin Leon,Zacharyhaven
507,Steven Johnson,Danieltown
508,Shane Rodriguez,North Charles
509,Jeremy Bridges,East Jocelynville
510,Todd Jimenez,Lake Lisabury
511,Timothy Melton,Reynoldsbury
512,William Cole,Quinntown
513,Kristin Daniel,Ortizberg
514,Laura Kaiser,Smithton
515,Audrey Harvey,Hammondfurt
516,Ashley Jones,South Kyle
517,Donna Moore,Proctorchester
518,Sarah Guerrero,North Edwardland
519,Megan Fischer,East Benjamin
520,Miranda Humphrey,Lake Annberg
521,Michael Pineda,West Jesus
522,Caleb Baker,East Johnville
523,Jason Scott,West David
524,Chad Bell,Joshuaport
525,Patricia Delgado,Josephstad
526,Stacy Boone,Kathrynchester
527,Shane Dominguez,Guerrafurt
528,William Johnson,Mclaughlinport
529,Brianna Sanchez,East Daniel
530,Nicole Turner,East Michele
531,Morgan Nguyen,West Connie
532,Bruce Duncan,North Jeanside
533,Wesley Harrison,Andrewstad
534,Erika Cantrell,Shahland
535,Michael Sullivan,East Aaronstad
536,Maurice Adams,South Phillipberg
537,Edwin Allen,South Peter
538,Steven Lopez,Joelstad
539,Kayla Henry,Port Michaelfort
540,Joshua Jensen,Brianchester
541,Sara Ferguson,Lake Ryan
542,Misty Avery DVM,South Jeffrey
543,John Kline,North Brianchester
544,Sarah Young,South Kathleenberg
545,Brittany Lee,Bakerborough
546,Jeff Spencer,Shawport
547,Darren Rice,East Dawn
548,Ronald Sanders,South Michael
549,Albert Murphy,Petersonbury
550,Deborah Hensley,South Johnathan
551,Alexandria Booth,South Karen
552,Jamie Austin,North John
553,Seth Rodriguez,North Meganhaven
554,Cindy Leach,Brendamouth
555,Lisa Hall,Joelville
556,Timothy Butler,Bakermouth
557,Samuel Carey,Lake Rodneybury
558,Kayla Moore,Aguilarfort
559,Richard Chapman,New Brian
560,Stacy Walker,New Sabrinatown
561,Sonya Young,Hayesburgh
562,Steven Weber,Jeffersonside
563,Robert Howard,Johnfurt
564,Austin Carrillo,New Gabrielaland
565,Yvonne Taylor,West Victor
566,Michael Bradshaw,Lake Josephbury
567,Joseph Curtis,North Josephville
568,Kevin Johnson,Freemanberg
569,Richard Johnson,North Stuart
570,William Valenzuela,Kevinshire
571,Tony Romero,Andretown
572,Breanna Garrett,Lake Jasmineburgh
573,Jacob West,Palmerfurt
574,Stephen Dixon,Gregoryville
575,Michele Taylor,Hayesport
576,Melissa Guerrero,West William
577,Mathew Campbell,Mooreport
578,Travis Wood,East Tina
579,Christopher Brown,Meghanberg
580,Jamie Cohen,West Christopherstad
581,Ashley Holmes,West Timothybury
582,Lisa Miller,Beverlyside
583,Justin Smith,Kristinaview
584,Lisa Benson,North Troyville
585,Kimberly Guerrero,Samuelberg
586,Tiffany Carlson,New Christinaborough
587,Savannah Fisher,North Anna
588,Crystal White,North Robert
589,Daniel Reyes,Andersonfort
590,Jordan Mayo,Connortown
591,Amy Hall,Webbmouth
592,Michael Waller,Port Brandi
593,Stacey Johnson,Laurenberg
594,Gregory Harris,Holtshire
595,Amber Hernandez,Fishermouth
596,Courtney Greer,Port Brendachester
597,Natalie Rodriguez,West Lisaside
598,Shelia Brown,Markshire
599,April Parker,Harrisonmouth
600,Alan Yoder,Port Randall
601,Jennifer Carson,Lowefurt
602,Brittany Warner,East Margaretfort
603,Angela Salinas,Cassandraville
604,James Pruitt,Dianachester
605,Joanna Shaw,Port Pamelafurt
606,Debra Brady,Port Ariana
607,Leah Ward,South Timothytown
608,Jill Webb,East Lisa
609,Richard Davis,South James
610,Alejandro Lowe,North Rhondaside
611,Robert Bass,North Nancy
612,Vanessa Williams,North Martin
613,Melissa Harrison,Walkerstad
614,Lori Avila,West Cynthiaborough
615,Tara Huerta,South Stevenbury
616,Samuel Keller,New Sarahstad
617,Kendra Meyer,Courtneyton
618,Walter Tanner,South Marissa
619,Raymond Smith,Holtland
620,Vanessa Byrd,Hannahport
621,David Wilkins,Elliotthaven
622,Jeff Austin,Singletonland
623,Melissa Parker,East Donald
624,Hannah Valentine,Ericland
625,Tiffany Alexander MD,Hernandezland
626,Derrick Morris,Philipchester
627,Cynthia Williams,South Mark
628,Aaron Phelps,Heidihaven
629,Nathaniel Ferguson,Allenmouth
630,Michelle Black,Williamsshire
631,Dr. Brittany Graham,Port Jason
632,Susan Pruitt,Debbiemouth
633,Megan Gonzalez MD,Gonzalezhaven
634,Kara Williams,New Tannerton
635,Nicole Coleman,East Phillipmouth
636,Grant Booth,Lake Kathryn
637,Michael Miller,Antonioton
638,Theresa Mcknight,South Amanda
639,Jeff Johnson,Mendezfort
640,Alicia Johnson,Lake Matthew
641,Lori Brown,North David
642,Denise Todd,Harrisonborough
643,Miranda Ellis,North Jesseborough
644,Eric Sharp,Torresport
645,Michelle Shaffer,Jenniferton
646,Alan Garner,Andersonhaven
647,Mark Smith,Cynthiaville
648,Thomas Miller,Alexischester
649,Nicholas Moore,Mannview
650,Chad Lloyd,Port Jonathanfort
651,Amanda Flowers DDS,Port Shelby
652,Misty Brown,Cainhaven
653,Jillian Harrison,Paulmouth
654,Lisa Hodges,Harrisbury
655,Tammy Carter,Clayfort
656,Matthew Cruz,Suemouth
657,David Jimenez,Simmonsville
658,Kathleen Deleon,North Jamesmouth
659,Tony Ward,Lawsonchester
660,Christine Smith,Port Andrewport
661,Linda Howell,Coffeyfurt
662,Benjamin Fox,Smithland
663,Justin Rowe,Lake Bonnie
664,Valerie Carr,West Timothy
665,Victoria Olson,Manuelfurt
666,Rachel Hill,Danielmouth
667,Bryan Schmidt,New Carrieport
668,Steven Mccullough,Port Ashley
669,Danielle Sanchez,East Jennifer
670,Donna Ramirez,East Andrew
671,Elizabeth Chavez,Port Matthewstad
672,Karen Lynch,Johnsonland
673,Edward Green,Harrisshire
674,David Obrien,Mckinneyland
675,Cory Cohen,Lake Jacqueline
676,Joshua Bennett,West Zoemouth
677,Chris Taylor,Rogersshire
678,Christina Flores,West Stacey
679,Roger Mcdonald,Pollardmouth
680,Zachary Hoover,Harrisland
681,Savannah Anderson,New Kyle
682,Pamela Navarro,Browningborough
683,Amanda Gonzalez,New Pamela
684,Emily Cain,Timothyport
685,Steven Green,Davidhaven
686,Christina Brady,Garciashire
687,Joseph Berg,Andersonport
688,Manuel Obrien,New Tammyborough
689,Bob Peterson,Robertport
690,Olivia Arnold,West Julie
691,Sally Norton,Colinberg
692,Margaret Mcdonald,Edwardfurt
693,Courtney Gonzales,North Zachary
694,Leah Washington,North Kaylafort
695,Todd Lawson,West Kerryfurt
696,Joshua Griffin,New Melissa
697,John Odonnell,Port Suzanne
698,Jennifer Williams,South Michaelburgh
699,Alexander Cabrera,Lake Douglasstad
700,Melissa Malone,Morganberg
701,Ashley Nicholson,Aliciaborough
702,Michelle Holloway,Cohenport
703,Susan Kline,Perezmouth
704,Zachary Leonard,Evansside
705,Jonathan Phillips,East Barbaramouth
706,John Davis,South Miguelhaven
707,Mrs. Amber Anderson,Willieton
708,Mary Grant,East Bridgetshire
709,Thomas Porter,South Christopherburgh
710,Jonathan Dennis,North Susanton
711,Deborah Kelley,South Erikfort
712,Anita Dawson,Markmouth
713,Mason Payne,Lindseyville
714,Kayla Vincent,New Breanna
715,Rebecca Castro,New David
716,Gary Ward,East Chloe
717,Jamie Davis,Port Brettmouth
718,Destiny Hayes,Johnsonside
719,Joy Reed,Christopherhaven
720,Aaron Robertson,North Sandra
721,Christine Price,Lake Ryanfurt
722,Zachary Adams,New Sydney
723,Carlos West,North Saramouth
724,Amy Parker,Wendyburgh
725,Melissa Rogers,North Felicia
726,Jennifer Wright,Gwendolynville
727,Jeremy Smith,Javiermouth
728,Angela Oconnor MD,Shannonport
729,Mrs. Jasmine Smith,West Lorimouth
730,Joseph Taylor,Connieside
731,Mary Becker,South Kevinshire
732,Brittany Sutton,Colinstad
733,Julia Wilson,Millerhaven
734,Gina Wilson,Halemouth
735,David Solomon,Floresburgh
736,Cindy Goodwin,Kylebury
737,Raymond Coleman,Christopherchester
738,Michael Rodriguez,Rodriguezburgh
739,Robert Sanchez,Christinamouth
740,Mr. John White,North Kylechester
741,Andrew Reed,New Traciehaven
742,Daniel Johnson,West Natashaberg
743,Alexandra Strong,Port Jonathanfurt
744,Theresa Gomez,North Megan
745,Richard Nelson,Ashleybury
746,Russell Howard,South Christy
747,Kellie Gilbert,Lake Jonathon
748,Angela Lee,Kruegerchester
749,Eric Buck,Kyleview
750,Micheal Butler,Walkerhaven
751,Leah Wells,South Devin
752,Rebecca Donovan,Reedshire
753,William Morrow,Territown
754,David Baker,West Joseside
755,Gary Stevens,Morganborough
756,Jennifer Gomez,New Tanner
757,Mrs. Angela Craig,Thompsonland
758,Nicholas Chavez,Michelleport
759,Kathleen Cooper,Rogersmouth
760,Kristin Barber,Walkertown
761,Sherry Wilson,Vanessahaven
762,Charlene Green,Laurachester
763,Mitchell Robinson,West Christianshire
764,Linda Cox,North Alexischester
765,Rebecca Williams,Lake Cynthiaside
766,Kathryn Sanchez,West Joshua
767,Becky Aguilar,Simmonsville
768,Carmen Schwartz,Lake Matthewfort
769,Shawn Jackson,South Amybury
770,Autumn Brown,North Debrachester
771,Robert Mckinney,North Nicholas
772,Jacqueline Mccann,Eugenemouth
773,Jeffrey Crawford,Dianaland
774,Holly Morgan,Port Taylor
775,Jonathan Huffman,Bakerland
776,Rachel Richardson,Adamsland
777,Joshua Sosa,Hardyhaven
778,Kimberly Gay,Pughborough
779,Taylor Stout,Jacksonchester
780,Yvette Delacruz,Port Tyler
781,Shelby Harrison,South Daniel
782,Brenda Solis,Toniville
783,Kaitlin Luna,South David
784,Robert Garcia,West Stephanieview
785,Matthew Lawrence,Jamieville
786,Gregory Daniels,Jasonmouth
787,John Benson,Sabrinastad
788,Bryan Martinez,North Dan
789,Daniel Schneider,Garciaport
790,Anthony Williams,Lake Gregoryberg
791,Angela Sharp,Davisview
792,William White,Lake Normanhaven
793,Isaac Miranda,Port Johnton
794,Matthew Velazquez,East Angelaport
795,Steven Willis,Port Markstad
796,Tony Adams,Tammyside
797,Brenda Kim,New Sydneyhaven
798,Ryan Baker,South Andrew
799,Troy Green,West Derek
800,Dean Green,Johnsonburgh
801,Juan Nash,North Timothyshire
802,Mark Harris,East Brenda
803,Adam Kelly,Monicamouth
804,Amanda Colon,Ambermouth
805,Nina Alvarez,East Christophermouth
806,Kenneth Singh,South Sethfort
807,Matthew Castillo,Port John
808,Margaret Anderson,Richfurt
809,Charlotte Hernandez,Tranberg
810,Eric White,Wilsonborough
811,Michele Sanchez,Lake Stacy
812,Danny Sparks,Bradtown
813,Jonathan Mckinney,Hillville
814,Christina Johnson,South Timothytown
815,Ricky Allen,East Brooke
816,Jennifer Young,East Matthewchester
817,Matthew Thompson,Brittneystad
818,Robert Moreno,Lake Jesusville
819,Keith Fletcher,East Josephstad
820,Michael Wright,Stevensshire
821,Brandon Valentine,Glennbury
822,Sylvia Fisher,Hicksshire
823,Alejandro Caldwell,Saundersborough
824,Jorge Erickson,Jacobhaven
825,Nicholas Fox,Port Rachael
826,Samuel Hayes,New Mikebury
827,Colleen Dixon,Donnaton
828,Jonathan Murray,West Kaitlyn
829,Pamela Smith,Sydneychester
830,Ronald Wallace,Maxwellborough
831,Christopher Weiss,Smithburgh
832,Angel Howard,South Kathryn
833,Michael Lin,Amandachester
834,Adrian Nelson,West Chad
835,Megan Simpson,Claudiastad
836,Lauren Welch,Lake Ericport
837,Kathy Thomas,West Mark
838,Vanessa Fernandez,Lake Christopher
839,Lydia Warren,Jacobburgh
840,Dana Cole,Thomasbury
841,Kevin Rhodes,Curtischester
842,Mary Pittman,Kristenville
843,Nicole Brown,Stewartbury
844,Andrea May,Berryland
845,Tyler Macias,Debbiebury
846,Amanda Adams,Parkermouth
847,Christine Harvey,Cindyville
848,Nancy Smith MD,Kennedyshire
849,Megan Rodriguez,Lake Juanburgh
850,Monica Chapman,South Sandra
851,Sherry Kerr,Port Richard
852,Kimberly Long,Port Stephanie
853,Joseph Shaw,Baileyberg
854,Jesse Wilson,North Chad
855,Christopher Benson,East Maxwell
856,Derek Jackson,South Ashley
857,Matthew Sullivan,Thompsontown
858,Charlotte Spears,Littleberg
859,Troy Gordon,Brookeburgh
860,Sarah Thomas,West Donald
861,Brenda Hansen,Raymondport
862,Mary Bell,East Logan
863,Elizabeth Ball,Smithberg
864,John Huang,Lake Katherine
865,James Wilson,Melissabury
866,Jamie Vega,Roberthaven
867,Charles Smith,North Patrick
868,Morgan Roberts,Benjaminchester
869,Timothy Walsh,Lake Ryanberg
870,Sabrina Chaney,New Lauriemouth
871,Gerald Johnson,Arnoldmouth
872,Anthony Watts,Port Williamstad
873,John Mullins Jr.,West Brittanyville
874,Elizabeth Smith,Lake Sean
875,Julian Haas,East Kenneth
876,Mrs. Cynthia Boyd,South Matthewshire
877,Mr. Ricky Cunningham IV,Pereztown
878,Emily Wolf,North Michaelport
879,Darren Evans,Stephenport
880,Eric Davidson,Christinamouth
881,Megan Valdez,East Carrieland
882,Benjamin Hanson,Nicholasside
883,George Walker,Lisaberg
884,Aaron Boyd,New Karen
885,Ryan Medina,Walkerbury
886,Susan Stephens,East Reginafurt
887,Emily Smith,Edwinview
888,Wayne Martin,Aaronton
889,Nicole Henry,Vazquezberg
890,Ronald Brown,Smithmouth
891,Pamela Vargas,Markhaven
892,Nicholas Collins,Jenkinsport
893,Justin Rich,Lake Anthony
894,Kristi Lawson,Williamchester
895,Anna Nichols,South Vickie
896,Dennis Kent,East Stephaniemouth
897,Billy Welch,Port Haroldshire
898,Tracy Jones,North Roychester
899,Travis Nelson,Riveraview
900,Wendy Mendoza,Chenmouth
901,Amber Cross,Leonardville
902,Joseph Graham,South Krista
903,Christopher Ramirez,North Henryhaven
904,Jessica Lee,New Laura
905,Pedro Chang,North Jenniferfurt
906,Jeffrey Price,West Walter
907,Christopher Roberts,South Sherry
908,Mason Weber,West Tyler
909,Michael Bonilla,North Nataliestad
910,Patricia Reese,South Christopher
911,Erin Bennett,West Miguelmouth
912,Sandra Combs,Jasonburgh
913,Jo Gilmore MD,West Anthony
914,Kyle Johnson,New Joshua
915,Julie Shah,North Mary
916,Jesse Murray,Debraview
917,Connor Miller,Millerfort
918,Kelsey Branch,Robinmouth
919,Vincent Martinez,Lake Erika
920,Brittany Figueroa,Acostamouth
921,Christopher Christensen,Cantuton
922,Craig Burns,North Kevinton
923,Daniel Kelly,Lake John
924,Barbara Hawkins,East Christinamouth
925,April Perry,Deanborough
926,Jose Gutierrez,South Laurenfort
927,Matthew Olson DDS,Elizabethburgh
928,Alexander Rodriguez,West Shaun
929,Leah Murray,Port Maria
930,David Chambers,Montoyaport
931,James Perkins,West Lauren
932,Brian Sharp,Lake Mary
933,Sophia White,Joelview
934,Jacob Fisher,Kendramouth
935,Randall Paul,South Lucas
936,Mr. Jeffery Scott,Kimberlyburgh
937,Curtis Lopez,New Melissaside
938,Mary Michael,West Carolineborough
939,Michele Cardenas,Hendricksburgh
940,Troy Gutierrez,Port Rachel
941,John Lopez,East Laurenview
942,Matthew Clark,East Williamton
943,Kenneth Yang,New Shelly
944,Melissa Floyd,Millerhaven
945,Nathaniel Cross,Lake Gary
946,James Evans,Port Patrickbury
947,Joshua Green,Port Patriciatown
948,Dennis Martinez,Rodriguezhaven
949,Heidi Horton,Marissaland
950,Elizabeth Cooper,Port Samantha
951,Bruce Hardy,Jeremytown
952,Mark Phillips,Jenniferbury
953,Laura Johnson,West Patriciaburgh
954,Jesse Perry,East Robertview
955,Joanne Thomas,Haleview
956,Kimberly Strong,South Tina
957,Jason Castaneda,Jeffreyville
958,Patrick Ramirez,Lowestad
959,Andrew Mack,East Victor
960,John Floyd,South Dylan
961,William Moore,West Christinafurt
962,Jennifer Nunez,Stephanieshire
963,Connie Hanna,Mcgeechester
964,William Lyons,West Brianberg
965,Donna Manning,Zamorafurt
966,David Brady,Sarahfurt
967,Allen Thompson,Toddville
968,Lee Collins,South Jenniferton
969,Roger James,Rachelside
970,Stephanie Douglas,Lake Sarahview
971,Malik Wood,North Susan
972,Sabrina Coleman,Amberton
973,Stephanie Hansen,Lake Jason
974,Eric Carter,Port Gina
975,Richard Cooley,West Josephhaven
976,Steven Le,Brittanyport
977,Timothy Wolf,New Robert
978,Nathaniel Lopez,Evansport
979,Willie Vang,East Robertmouth
980,Aaron Morgan,Juarezville
981,Mrs. Lisa Smith,North Jonathanfort
982,Jason Gonzalez,Millertown
983,Michael Lopez,Stanleyfurt
984,Derrick Baker,South Nicholasburgh
985,Brian Hernandez,New Charles
986,Christine Smith,Andrewborough
987,Isabel Smith,Mullenhaven
988,Raymond Barrett,East Kimberly
989,Cody Miller,West Matthew
990,Kylie Daniels,Murrayside
991,Kristine Morgan,Wrightshire
992,Hannah Lee,Stephenberg
993,Susan Manning,Russellhaven
994,Michael Schaefer,Francisland
995,Jacob Arellano,West Jamesview
996,Anthony Houston,Ellisbury
997,Amber Lester,Jeffhaven
998,William Villanueva,North Joannborough
999,Joshua Ho,Amberchester
